Address,Price €,Rooms,Size m2,Floor,Lift,Links,Price/M2
"Piso en Meridiana, 92, El Clot, Barcelona",530000,4,158,Planta 3 exterior,Con ascensor,https://www.idealista.com/inmueble/93370835/,3354.43
"Piso en calle de Biscaia, El Clot, Barcelona",379800,4,90,Planta 1 exterior,Con ascensor,https://www.idealista.com/inmueble/100812014/,4220.0
"Piso en calle d'Aragó, El Clot, Barcelona",375000,3,85,Planta 2 exterior,Con ascensor,https://www.idealista.com/inmueble/100380758/,4411.76
"Piso en plaza Mercat, El Clot, Barcelona",225000,2,60,Planta 2 exterior,Sin ascensor,https://www.idealista.com/inmueble/100690177/,3750.0
"Piso en calle d'Aragó, El Clot, Barcelona",415000,4,100,Planta 1 exterior,Con ascensor,https://www.idealista.com/inmueble/99049909/,4150.0
"Piso en calle d'Aragó, El Clot, Barcelona",375000,3,102,Planta 2 exterior,Con ascensor,https://www.idealista.com/inmueble/100536432/,3676.47
"Piso en calle de Aragón, El Clot, Barcelona",375000,3,85,Planta 2 exterior,Con ascensor,https://www.idealista.com/inmueble/100596289/,4411.76
"Piso en calle del Clot, 88, El Clot, Barcelona",509000,3,103,Planta 1 exterior,Sin ascensor,https://www.idealista.com/inmueble/90841651/,4941.75
"Piso en avenida Meridiana, 210, El Clot, Barcelona",250000,3,77,Planta 4 exterior,Con ascensor,https://www.idealista.com/inmueble/100318888/,3246.75
"Piso en calle de Mallorca, El Clot, Barcelona",190000,2,64,Planta 2 exterior,Sin ascensor,https://www.idealista.com/inmueble/100039464/,2968.75
"Piso en Arago, El Clot, Barcelona",218500,3,82,Planta 5 exterior,Sin ascensor,https://www.idealista.com/inmueble/96435873/,2664.63
"Piso en calle d'Espronceda, 271, El Clot, Barcelona",130000,1,39,Entreplanta exterior,Con ascensor,https://www.idealista.com/inmueble/96976220/,3333.33
"Ático en calle del Clot, El Clot, Barcelona",650000,4,175,exterior,Con ascensor,https://www.idealista.com/inmueble/99307855/,3714.29
"Piso en El Clot, Barcelona",660000,4,156,Planta 2 exterior,Con ascensor,https://www.idealista.com/inmueble/99252800/,4230.77
"Piso en El Clot, Barcelona",255000,1,50,Bajo exterior,Sin ascensor,https://www.idealista.com/inmueble/100892855/,5100.0
"Piso en Gran Via de les Corts Catalanes, El Clot, Barcelona",420000,4,119,Planta 7 exterior,Con ascensor,https://www.idealista.com/inmueble/100882219/,3529.41
"Piso en calle del Concili de Trento, El Clot, Barcelona",390000,4,105,Planta 1 exterior,Con ascensor,https://www.idealista.com/inmueble/100865436/,3714.29
"Piso en Gran Via de les Corts Catalanes, El Clot, Barcelona",349000,4,119,Planta 1 exterior,Con ascensor,https://www.idealista.com/inmueble/100792701/,2932.77
"Piso en calle del Concili de Trento, El Clot, Barcelona",390000,4,105,Planta 1 exterior,Con ascensor,https://www.idealista.com/inmueble/100865437/,3714.29
"Piso en camino de la Verneda, El Clot, Barcelona",120000,2,51,Planta 2 exterior,Con ascensor,https://www.idealista.com/inmueble/99561116/,2352.94
"Ático en calle del Concili de Trento, El Clot, Barcelona",340000,3,75,Planta 8 exterior,Con ascensor,https://www.idealista.com/inmueble/100872143/,4533.33
"Piso en hernan cortes, El Clot, Barcelona",199000,3,55,Planta 1 exterior,Sin ascensor,https://www.idealista.com/inmueble/100893362/,3618.18
"Piso en calle de Monturiol, El Clot, Barcelona",495000,3,120,Planta 1 exterior,Con ascensor,https://www.idealista.com/inmueble/97686433/,4125.0
"Piso en Gran Via de les Corts Catalanes, El Clot, Barcelona",349000,4,119,Planta 1 exterior,Con ascensor,https://www.idealista.com/inmueble/100696612/,2932.77
"Piso en Gran Via de les Corts Catalanes, El Clot, Barcelona",349000,4,119,Planta 1 interior,Con ascensor,https://www.idealista.com/inmueble/100743863/,2932.77
"Piso en calle d'Andrade, 2, El Clot, Barcelona",365000,3,90,Planta 1 exterior,Con ascensor,https://www.idealista.com/inmueble/100765284/,4055.56
"Piso en calle de Aragón, El Clot, Barcelona",375000,3,75,Planta 2 interior,Con ascensor,https://www.idealista.com/inmueble/100884458/,5000.0
"Piso en Gran Via de les Corts Catalanes, El Clot, Barcelona",349000,4,119,Bajo exterior,Con ascensor,https://www.idealista.com/inmueble/100835130/,2932.77
"Piso en calle de València, El Clot, Barcelona",205000,2,60,Planta 2 exterior,Sin ascensor,https://www.idealista.com/inmueble/100868382/,3416.67
"Piso en calle de Valencia, El Clot, Barcelona",124000,1,27,Planta 1 exterior,Con ascensor,https://www.idealista.com/inmueble/100341804/,4592.59
"Piso en El Clot, Barcelona",247000,1,40,Planta 2 exterior,Con ascensor,https://www.idealista.com/inmueble/100864464/,6175.0
"Piso en calle de Valencia, El Clot, Barcelona",124000,1,27,Planta 1 exterior,Con ascensor,https://www.idealista.com/inmueble/100341804/,4592.59
"Piso en Gran Via de les Corts Catalanes, El Clot, Barcelona",349000,4,119,Entreplanta,Con ascensor,https://www.idealista.com/inmueble/100805811/,2932.77
"Piso en calle d'Espronceda, El Clot, Barcelona",255000,3,73,Planta 9 exterior,Con ascensor,https://www.idealista.com/inmueble/100742164/,3493.15
"Piso en avenida Meridiana, El Clot, Barcelona",247000,1,40,Planta 2 exterior,Con ascensor,https://www.idealista.com/inmueble/100597670/,6175.0
"Piso en calle del Clot, El Clot, Barcelona",335000,3,86,Planta 1 interior,Sin ascensor,https://www.idealista.com/inmueble/100868998/,3895.35
"Piso en El Clot, Barcelona",398000,4,91,Planta 6 interior,Con ascensor,https://www.idealista.com/inmueble/100877710/,4373.63
"Piso en calle de Lope de Vega con Carrer Andrade, El Clot, Barcelona",398000,4,91,Planta 6 interior,Con ascensor,https://www.idealista.com/inmueble/100858016/,4373.63
"Piso en calle d'Aragó, El Clot, Barcelona",218500,2,82,Planta 4 exterior,Sin ascensor,https://www.idealista.com/inmueble/100091600/,2664.63
"Piso en calle de Guipúscoa, El Clot, Barcelona",349000,3,82,Planta 4 exterior,Con ascensor,https://www.idealista.com/inmueble/100037873/,4256.1
"Piso en El Clot, Barcelona",124000,1,27,Planta 1 exterior,Con ascensor,https://www.idealista.com/inmueble/100441105/,4592.59
"Piso en calle de Valencia, 660, El Clot, Barcelona",205000,2,60,Planta 2 exterior,Sin ascensor,https://www.idealista.com/inmueble/100433884/,3416.67
"Piso en El Clot, Barcelona",375000,3,85,Planta 2 exterior,Con ascensor,https://www.idealista.com/inmueble/100657360/,4411.76
"Piso en Gran Via de les Corts Catalanes, El Clot, Barcelona",315000,3,78,Entreplanta exterior,Con ascensor,https://www.idealista.com/inmueble/98757136/,4038.46
"Piso en avenida Meridiana, El Clot, Barcelona",235000,2,58,Planta 1 exterior,Sin ascensor,https://www.idealista.com/inmueble/100779533/,4051.72
"Piso en El Clot, Barcelona",259000,3,71,Planta 1 exterior,Con ascensor,https://www.idealista.com/inmueble/100898336/,3647.89
"Piso en calle del Clot, El Clot, Barcelona",399000,3,107,Planta 2 exterior,Con ascensor,https://www.idealista.com/inmueble/100536939/,3728.97
"Piso en calle aragón, El Clot, Barcelona",375000,3,85,Planta 2 exterior,Con ascensor,https://www.idealista.com/inmueble/100339619/,4411.76
"Piso en El Clot, Barcelona",450000,4,106,Planta 6 interior,Con ascensor,https://www.idealista.com/inmueble/100210610/,4245.28
"Piso en avenida Meridiana, El Clot, Barcelona",530000,4,159,Planta 3 exterior,Con ascensor,https://www.idealista.com/inmueble/95532442/,3333.33
"Piso en calle d'Aragó, El Clot, Barcelona",375000,3,85,Planta 2 exterior,Con ascensor,https://www.idealista.com/inmueble/100397411/,4411.76
"Piso en Aragó, El Clot, Barcelona",375000,2,85,Planta 3 exterior,Con ascensor,https://www.idealista.com/inmueble/100831389/,4411.76
"Piso en calle del Clot, El Clot, Barcelona",187000,2,94,Planta 3 exterior,Sin ascensor,https://www.idealista.com/inmueble/99095184/,1989.36
"Piso en calle d'Aragó, El Clot, Barcelona",375000,3,85,Planta 2 exterior,Con ascensor,https://www.idealista.com/inmueble/100371847/,4411.76
"Piso en calle del Clot, El Clot, Barcelona",261000,2,94,Planta 2 exterior,Sin ascensor,https://www.idealista.com/inmueble/99095183/,2776.6
"Piso en El Clot, Barcelona",209000,2,62,Planta 1 exterior,Con ascensor,https://www.idealista.com/inmueble/100843886/,3370.97
"Piso en calle de la Corunya, El Clot, Barcelona",245000,3,78,Planta 2 exterior,Con ascensor,https://www.idealista.com/inmueble/97884488/,3141.03
"Piso en calle d'Aragó, El Clot, Barcelona",375000,3,85,Planta 1 exterior,Con ascensor,https://www.idealista.com/inmueble/100747989/,4411.76
"Piso en plaza del Canonge Rodó, El Clot, Barcelona",222000,1,70,Bajo exterior,Con ascensor,https://www.idealista.com/inmueble/98446122/,3171.43
"Piso en calle de las Navas de Tolosa, El Clot, Barcelona",270000,3,89,Planta 1 exterior,Con ascensor,https://www.idealista.com/inmueble/100060048/,3033.71
"Piso en El Clot, Barcelona",459000,4,101,Planta 2 exterior,Con ascensor,https://www.idealista.com/inmueble/96836147/,4544.55
"Piso en El Clot, Barcelona",205000,2,68,Planta 3 exterior,Sin ascensor,https://www.idealista.com/inmueble/100738939/,3014.71
"Chalet en El Clot, Barcelona",2350000,8,680,N/A,N/A,https://www.idealista.com/inmueble/100833491/,3455.88
"Piso en avenida Meridiana, El Clot, Barcelona",240000,4,86,Planta 4 exterior,Con ascensor,https://www.idealista.com/inmueble/100709918/,2790.7
"Piso en calle d'Aragó, El Clot, Barcelona",370000,3,88,Planta 6 exterior,Con ascensor,https://www.idealista.com/inmueble/98238784/,4204.55
"Piso en calle del Clot, El Clot, Barcelona",175000,2,44,Planta 1 exterior,Sin ascensor,https://www.idealista.com/inmueble/99143323/,3977.27
"Piso en rambla guipuscoa, El Clot, Barcelona",295000,3,87,Planta 6 exterior,Con ascensor,https://www.idealista.com/inmueble/100437839/,3390.8
"Piso en El Clot, Barcelona",205000,2,61,Bajo exterior,Con ascensor,https://www.idealista.com/inmueble/97742278/,3360.66
"Piso en avenida Meridiana, El Clot, Barcelona",235000,2,58,Planta 2 exterior,Con ascensor,https://www.idealista.com/inmueble/100277741/,4051.72
"Piso en El Clot, Barcelona",350000,3,95,Planta 1 exterior,Con ascensor,https://www.idealista.com/inmueble/100609346/,3684.21
"Piso en El Clot, Barcelona",315000,3,72,,Con ascensor,https://www.idealista.com/inmueble/99864088/,4375.0
"Piso en El Clot, Barcelona",375000,3,85,Planta 1 exterior,Con ascensor,https://www.idealista.com/inmueble/100188172/,4411.76
"Piso en El Clot, Barcelona",181000,2,46,Planta 1 exterior,Con ascensor,https://www.idealista.com/inmueble/99791499/,3934.78
"Piso en El Clot, Barcelona",249000,2,83,Bajo exterior,Sin ascensor,https://www.idealista.com/inmueble/100719800/,3000.0
"Piso en El Clot, Barcelona",259000,3,77,Planta 7 exterior,Con ascensor,https://www.idealista.com/inmueble/100095013/,3363.64
"Piso en Gran via de les Corts Catalenes, s/n, El Clot, Barcelona",200000,2,75,Bajo interior,Con ascensor,https://www.idealista.com/inmueble/100462929/,2666.67
"Piso en calle d'Aragó, El Clot, Barcelona",218500,2,82,Planta 4 exterior,Sin ascensor,https://www.idealista.com/inmueble/96294221/,2664.63
"Piso en calle del Clot, El Clot, Barcelona",213000,2,89,Bajo exterior,Sin ascensor,https://www.idealista.com/inmueble/100751362/,2393.26
"Piso en avenida Meridiana, El Clot, Barcelona",367000,4,108,Planta 1,Sin ascensor,https://www.idealista.com/inmueble/100046385/,3398.15
"Piso en El Clot, Barcelona",280000,3,90,Planta 3 interior,Con ascensor,https://www.idealista.com/inmueble/100762941/,3111.11
"Piso en calle d'Aragó, 612, El Clot, Barcelona",290000,3,75,Planta 2 exterior,Con ascensor,https://www.idealista.com/inmueble/100275849/,3866.67
